sale_date	academy	plan	amount	name	email	status
2026-04-14 16:35:06	NAORU技術アカデミー	関節整体 ベーシックプラン	2980			継続中
2026-04-11 20:43:01	NAORU技術アカデミー	関節整体 ベーシックプラン	2980			継続中
2026-04-03 10:06:53	NAORU技術アカデミー	関節整体 ベーシックプラン	2980			解除済(2026-04-21 18:40:12)
2026-04-02 19:49:03	NAORU技術アカデミー	関節整体 ベーシックプラン	2980			継続中
2026-03-26 07:14:40	NAORU技術アカデミー	関節整体 ベーシックプラン	2980			継続中
2026-03-22 23:10:45	NAORU技術アカデミー	関節整体 ベーシックプラン	2980			継続中
2026-03-18 01:20:19	NAORU技術アカデミー	関節整体 ベーシックプラン	2980			継続中
2026-03-17 21:13:11	NAORU技術アカデミー	関節整体 ベーシックプラン	2980			継続中
2026-03-16 21:05:57	NAORU技術アカデミー	関節整体 ベーシックプラン	2980			継続中
2026-03-10 17:57:43	NAORU技術アカデミー	関節整体 ベーシックプラン	2980			解除済(2026-03-27 11:55:00)
2026-03-03 14:11:14	NAORU技術アカデミー	関節整体 ベーシックプラン	2980			継続中
2026-02-25 16:20:25	NAORU技術アカデミー	関節整体 ベーシックプラン	2980			継続中
2026-02-19 17:48:44	NAORU技術アカデミー	関節整体 ベーシックプラン	2980			継続中
2026-02-19 17:24:54	NAORU技術アカデミー	関節整体 ベーシックプラン	2980			継続中
2026-02-19 16:20:28	NAORU技術アカデミー	関節整体 ベーシックプラン	2980			継続中
2026-02-18 23:53:32	NAORU技術アカデミー	関節整体 ベーシックプラン	2980			継続中
2026-02-18 22:57:21	NAORU技術アカデミー	関節整体 ベーシックプラン	2980			解除済(2026-03-22 16:03:30)
2026-02-18 22:34:09	NAORU技術アカデミー	関節整体 ベーシックプラン	2980			継続中
2026-02-18 22:31:09	NAORU技術アカデミー	関節整体 ベーシックプラン	2980			継続中
2026-02-18 22:25:19	NAORU技術アカデミー	関節整体 ベーシックプラン	2980			解除済(2026-04-10 23:58:56)
2026-02-16 22:45:29	NAORU技術アカデミー	関節整体 ベーシックプラン	2980			継続中
2026-02-15 17:21:03	NAORU技術アカデミー	関節整体 ベーシックプラン	2980			継続中
2026-02-14 10:03:28	NAORU技術アカデミー	関節整体 ベーシックプラン	2980			継続中
2026-02-12 12:35:24	NAORU技術アカデミー	関節整体 ベーシックプラン	2980			継続中
2026-02-12 12:06:43	NAORU技術アカデミー	関節整体 ベーシックプラン	2980			継続中
2026-02-11 07:16:38	NAORU技術アカデミー	関節整体 ベーシックプラン	2980			継続中
2026-02-10 13:40:33	NAORU技術アカデミー	関節整体 ベーシックプラン	2980			解除済(2026-03-14 10:52:03)
2026-02-06 15:55:59	NAORU技術アカデミー	関節整体 ベーシックプラン	2980			継続中
2026-02-05 08:09:49	NAORU技術アカデミー	関節整体 ベーシックプラン	2980			継続中
2026-02-04 23:19:32	NAORU技術アカデミー	関節整体 ベーシックプラン	2980			継続中
2026-02-04 21:51:58	NAORU技術アカデミー	関節整体 ベーシックプラン	2980			解除済(2026-04-17 10:24:47)
2026-02-04 12:57:59	NAORU技術アカデミー	関節整体 ベーシックプラン	2980			継続中
2026-02-03 20:37:05	NAORU技術アカデミー	関節整体 ベーシックプラン	2980			継続中
2026-02-03 17:58:29	NAORU技術アカデミー	関節整体 ベーシックプラン	2980			継続中
2026-01-22 20:46:45	NAORU技術アカデミー	関節整体 ベーシックプラン	2980			継続中
2026-01-15 23:04:15	NAORU技術アカデミー	関節整体 ベーシックプラン	2980			継続中
2026-01-12 00:10:44	NAORU技術アカデミー	関節整体 ベーシックプラン	2980			継続中
2026-01-11 14:03:27	NAORU技術アカデミー	関節整体 ベーシックプラン	2980			継続中
2026-01-10 02:33:11	NAORU技術アカデミー	関節整体 ベーシックプラン	2980			解除済(2026-03-29 13:39:16)
2026-01-07 10:28:51	NAORU技術アカデミー	関節整体 ベーシックプラン	2980			継続中
2026-01-04 16:35:10	NAORU技術アカデミー	関節整体 ベーシックプラン	2980			解除済(2026-02-03 14:23:10)
2026-01-01 21:08:47	NAORU技術アカデミー	関節整体 ベーシックプラン	2980			解除済(2026-03-22 16:06:12)
2025-12-31 23:00:25	NAORU技術アカデミー	関節整体 ベーシックプラン	2980			継続中
2025-12-31 21:40:05	NAORU技術アカデミー	関節整体 ベーシックプラン	2980			継続中
2025-12-31 21:05:35	NAORU技術アカデミー	関節整体 ベーシックプラン	2980			継続中
2025-12-31 19:55:15	NAORU技術アカデミー	関節整体 ベーシックプラン	2980			解除済(2026-03-15 16:22:25)
2025-12-31 16:10:21	NAORU技術アカデミー	関節整体 ベーシックプラン	2980			解除済(2026-01-25 10:50:21)
2025-12-31 13:54:46	NAORU技術アカデミー	関節整体 ベーシックプラン	2980			解除済(2026-02-11 10:05:31)
2025-12-31 10:37:02	NAORU技術アカデミー	関節整体 ベーシックプラン	2980			継続中
2025-12-31 00:21:30	NAORU技術アカデミー	関節整体 ベーシックプラン	2980			継続中
2025-12-30 17:19:56	NAORU技術アカデミー	関節整体 ベーシックプラン	2980			継続中
2025-12-30 14:02:50	NAORU技術アカデミー	関節整体 ベーシックプラン	2980			継続中
2025-12-30 13:04:12	NAORU技術アカデミー	関節整体 ベーシックプラン	2980			解除済(2026-01-30 12:44:39)
2025-12-30 12:13:03	NAORU技術アカデミー	関節整体 ベーシックプラン	2980			継続中
2025-12-30 09:59:39	NAORU技術アカデミー	関節整体 ベーシックプラン	2980			継続中
2025-12-30 00:52:07	NAORU技術アカデミー	関節整体 ベーシックプラン	2980			継続中
2025-12-30 00:20:14	NAORU技術アカデミー	関節整体 ベーシックプラン	2980			継続中
2025-12-29 22:00:39	NAORU技術アカデミー	関節整体 ベーシックプラン	2980			継続中
2025-12-29 21:10:54	NAORU技術アカデミー	関節整体 ベーシックプラン	2980			継続中
2025-12-28 21:54:20	NAORU技術アカデミー	関節整体 ベーシックプラン	2980			継続中
2025-12-26 10:01:20	NAORU技術アカデミー	関節整体 ベーシックプラン	2980			解除済(2026-01-19 18:00:29)
2025-12-25 23:47:52	NAORU技術アカデミー	関節整体 ベーシックプラン	2980			継続中
2025-12-25 23:09:11	NAORU技術アカデミー	関節整体 ベーシックプラン	2980			継続中
2025-12-25 22:38:46	NAORU技術アカデミー	関節整体 ベーシックプラン	2980			解除済(2026-02-14 23:40:24)
2025-12-25 21:05:19	NAORU技術アカデミー	関節整体 ベーシックプラン	2980			継続中
2025-12-25 18:03:32	NAORU技術アカデミー	関節整体 ベーシックプラン	2980			解除済(2026-01-23 10:47:22)
2025-12-25 09:58:37	NAORU技術アカデミー	関節整体 ベーシックプラン	2980			継続中
2025-12-24 22:56:44	NAORU技術アカデミー	関節整体 ベーシックプラン	2980			解除済(2026-02-20 09:51:18)
2025-12-21 23:35:51	NAORU技術アカデミー	関節整体 ベーシックプラン	2980			継続中
2025-12-21 07:04:30	NAORU技術アカデミー	関節整体 ベーシックプラン	2980			継続中
2025-12-21 02:59:17	NAORU技術アカデミー	関節整体 ベーシックプラン	2980			継続中
2025-12-20 23:43:49	NAORU技術アカデミー	関節整体 ベーシックプラン	2980			解除済(2026-02-06 13:48:43)
2025-12-20 22:59:42	NAORU技術アカデミー	関節整体 ベーシックプラン	2980			継続中
2025-12-20 21:35:57	NAORU技術アカデミー	関節整体 ベーシックプラン	2980			解除済(2026-03-22 12:50:36)
2025-12-20 19:07:22	NAORU技術アカデミー	関節整体 ベーシックプラン	2980			解除済(2026-02-20 12:23:33)
2025-12-20 18:49:42	NAORU技術アカデミー	関節整体 ベーシックプラン	2980			継続中
2025-12-20 18:16:38	NAORU技術アカデミー	関節整体 ベーシックプラン	2980			解除済(2026-01-11 08:09:04)
2025-12-20 06:19:49	NAORU技術アカデミー	関節整体 ベーシックプラン	2980			継続中
2025-12-20 02:04:17	NAORU技術アカデミー	関節整体 ベーシックプラン	2980			解除済(2026-03-22 16:05:41)
2025-12-19 23:56:12	NAORU技術アカデミー	関節整体 ベーシックプラン	2980			継続中
2025-12-19 23:41:08	NAORU技術アカデミー	関節整体 ベーシックプラン	2980			継続中
2025-12-19 22:10:16	NAORU技術アカデミー	関節整体 ベーシックプラン	2980			解除済(2026-01-19 09:02:39)
2025-12-19 22:09:05	NAORU技術アカデミー	関節整体 ベーシックプラン	2980			解除済(2026-02-16 14:40:33)
2025-12-19 17:41:49	NAORU技術アカデミー	関節整体 ベーシックプラン	2980			継続中
2025-12-19 16:19:55	NAORU技術アカデミー	関節整体 ベーシックプラン	2980			継続中
2025-12-19 15:41:52	NAORU技術アカデミー	関節整体 ベーシックプラン	2980			継続中
2025-12-19 14:46:23	NAORU技術アカデミー	関節整体 ベーシックプラン	2980			解除済(2026-01-16 09:48:02)
2025-12-19 13:46:07	NAORU技術アカデミー	関節整体 ベーシックプラン	2980			解除済(2026-02-07 19:20:03)
2025-12-19 13:09:58	NAORU技術アカデミー	関節整体 ベーシックプラン	2980			継続中
2025-12-19 11:57:37	NAORU技術アカデミー	関節整体 ベーシックプラン	2980			解除済(2026-01-09 18:41:57)
2025-12-19 10:26:44	NAORU技術アカデミー	関節整体 ベーシックプラン	2980			継続中
2025-12-19 09:18:33	NAORU技術アカデミー	関節整体 ベーシックプラン	2980			解除済(2026-01-06 15:38:11)
2025-12-19 08:43:36	NAORU技術アカデミー	関節整体 ベーシックプラン	2980			解除済(2026-01-16 10:08:58)
2025-12-19 08:07:34	NAORU技術アカデミー	関節整体 ベーシックプラン	2980			継続中
2025-12-19 01:46:54	NAORU技術アカデミー	関節整体 ベーシックプラン	2980			継続中
2025-12-19 00:56:12	NAORU技術アカデミー	関節整体 ベーシックプラン	2980			解除済(2025-12-20 15:17:59)
2025-12-18 23:58:45	NAORU技術アカデミー	関節整体 ベーシックプラン	2980			継続中
2025-12-18 23:55:01	NAORU技術アカデミー	関節整体 ベーシックプラン	2980			継続中
2025-12-18 23:54:15	NAORU技術アカデミー	関節整体 ベーシックプラン	2980			解除済(2026-01-18 12:30:11)
2025-12-18 23:51:27	NAORU技術アカデミー	関節整体 ベーシックプラン	2980			継続中
2025-12-18 23:47:04	NAORU技術アカデミー	関節整体 ベーシックプラン	2980			解除済(2026-01-18 12:35:00)
2025-12-18 23:32:03	NAORU技術アカデミー	関節整体 ベーシックプラン	2980			継続中
2025-12-18 23:22:03	NAORU技術アカデミー	関節整体 ベーシックプラン	2980			継続中
2025-12-18 23:20:59	NAORU技術アカデミー	関節整体 ベーシックプラン	2980			継続中
2025-12-18 23:20:15	NAORU技術アカデミー	関節整体 ベーシックプラン	2980			解除済(2026-01-03 18:05:00)
2025-12-18 23:19:12	NAORU技術アカデミー	関節整体 ベーシックプラン	2980			解除済(2026-01-11 16:58:20)
2025-12-18 23:14:53	NAORU技術アカデミー	関節整体 ベーシックプラン	2980			継続中
2025-12-18 22:59:44	NAORU技術アカデミー	関節整体 ベーシックプラン	2980			解除済(2026-01-16 09:30:59)
2025-12-18 22:57:39	NAORU技術アカデミー	関節整体 ベーシックプラン	2980			解除済(2026-01-18 13:44:47)
2025-12-18 22:51:31	NAORU技術アカデミー	関節整体 ベーシックプラン	2980			解除済(2026-01-18 12:22:56)
2025-12-18 22:49:31	NAORU技術アカデミー	関節整体 ベーシックプラン	2980			解除済(2026-01-25 10:53:17)
2025-12-18 22:44:33	NAORU技術アカデミー	関節整体 ベーシックプラン	2980			継続中
2025-12-18 22:39:40	NAORU技術アカデミー	関節整体 ベーシックプラン	2980			解除済(2026-03-15 16:20:40)
2025-12-18 22:36:55	NAORU技術アカデミー	関節整体 ベーシックプラン	2980			解除済(2026-01-05 12:10:52)
2025-12-18 22:36:42	NAORU技術アカデミー	関節整体 ベーシックプラン	2980			解除済(2026-01-15 11:25:01)
2025-12-18 22:36:10	NAORU技術アカデミー	関節整体 ベーシックプラン	2980			継続中
2025-12-18 22:33:33	NAORU技術アカデミー	関節整体 ベーシックプラン	2980			継続中
2025-12-18 22:32:36	NAORU技術アカデミー	関節整体 ベーシックプラン	2980			継続中
2025-12-18 22:30:27	NAORU技術アカデミー	関節整体 ベーシックプラン	2980			解除済(2026-01-06 14:10:57)
2025-12-18 22:30:12	NAORU技術アカデミー	関節整体 ベーシックプラン	2980			解除済(2026-02-04 12:40:31)
2025-12-18 22:27:57	NAORU技術アカデミー	関節整体 ベーシックプラン	2980			継続中
2025-12-18 22:25:37	NAORU技術アカデミー	関節整体 ベーシックプラン	2980			継続中
2025-12-18 22:23:46	NAORU技術アカデミー	関節整体 ベーシックプラン	2980			解除済(2025-12-30 17:11:46)
2025-12-18 22:21:38	NAORU技術アカデミー	関節整体 ベーシックプラン	2980			解除済(2026-02-11 14:06:38)
2025-12-18 22:20:45	NAORU技術アカデミー	関節整体 ベーシックプラン	2980			継続中
2025-12-18 22:19:30	NAORU技術アカデミー	関節整体 ベーシックプラン	2980			解除済(2026-01-22 11:28:05)
2025-12-18 22:18:30	NAORU技術アカデミー	関節整体 ベーシックプラン	2980			解除済(2025-12-20 16:27:24)
2025-12-18 22:17:32	NAORU技術アカデミー	関節整体 ベーシックプラン	2980			継続中
2025-12-18 22:17:25	NAORU技術アカデミー	関節整体 ベーシックプラン	2980			継続中
2025-12-18 22:17:19	NAORU技術アカデミー	関節整体 ベーシックプラン	2980			継続中
2025-12-18 22:16:42	NAORU技術アカデミー	関節整体 ベーシックプラン	2980			継続中
2025-12-18 22:16:41	NAORU技術アカデミー	関節整体 ベーシックプラン	2980			継続中
2025-12-18 22:16:32	NAORU技術アカデミー	関節整体 ベーシックプラン	2980			解除済(2026-03-09 21:30:07)
2025-12-18 22:16:28	NAORU技術アカデミー	関節整体 ベーシックプラン	2980			継続中
2025-12-18 22:11:00	NAORU技術アカデミー	関節整体 ベーシックプラン	2980			解除済(2026-03-17 15:55:28)
2025-12-18 22:01:05	NAORU技術アカデミー	関節整体 ベーシックプラン	2980			継続中
2025-12-18 22:00:57	NAORU技術アカデミー	関節整体 ベーシックプラン	2980			解除済(2026-01-12 11:37:10)
2025-12-18 21:54:27	NAORU技術アカデミー	関節整体 ベーシックプラン	2980			継続中
2025-12-18 18:59:01	NAORU技術アカデミー	関節整体 ベーシックプラン	2980			継続中
2025-12-18 17:49:34	NAORU技術アカデミー	関節整体 ベーシックプラン	2980			継続中
2025-12-18 17:38:21	NAORU技術アカデミー	関節整体 ベーシックプラン	2980			継続中
2025-12-18 17:10:24	NAORU技術アカデミー	関節整体 ベーシックプラン	2980			解除済(2026-01-18 12:33:18)
2025-12-18 11:24:22	NAORU技術アカデミー	関節整体 ベーシックプラン	2980			継続中
2025-12-18 08:47:59	NAORU技術アカデミー	関節整体 ベーシックプラン	2980			解除済(2025-12-27 12:17:28)
2025-12-18 07:58:54	NAORU技術アカデミー	関節整体 ベーシックプラン	2980			解除済(2026-04-21 12:39:42)
2025-12-18 01:48:05	NAORU技術アカデミー	関節整体 ベーシックプラン	2980			解除済(2026-01-11 08:10:24)
2025-12-18 00:48:25	NAORU技術アカデミー	関節整体 ベーシックプラン	2980			継続中
2025-12-17 23:24:32	NAORU技術アカデミー	関節整体 ベーシックプラン	2980			解除済(2026-01-13 16:09:27)
2025-12-17 23:18:25	NAORU技術アカデミー	関節整体 ベーシックプラン	2980			解除済(2026-03-13 09:57:14)
2025-12-17 23:16:17	NAORU技術アカデミー	関節整体 ベーシックプラン	2980			継続中
2025-12-17 22:33:28	NAORU技術アカデミー	関節整体 ベーシックプラン	2980			継続中
2025-12-17 22:32:43	NAORU技術アカデミー	関節整体 ベーシックプラン	2980			解除済(2026-02-01 19:13:33)
2025-12-17 22:26:58	NAORU技術アカデミー	関節整体 ベーシックプラン	2980			解除済(2026-01-06 13:48:33)
2025-12-17 22:20:42	NAORU技術アカデミー	関節整体 ベーシックプラン	2980			継続中
2025-12-17 22:15:40	NAORU技術アカデミー	関節整体 ベーシックプラン	2980			解除済(2026-03-08 10:46:54)
2025-12-17 22:14:36	NAORU技術アカデミー	関節整体 ベーシックプラン	2980			継続中
2025-12-17 22:12:25	NAORU技術アカデミー	関節整体 ベーシックプラン	2980			継続中
2025-12-17 22:08:45	NAORU技術アカデミー	関節整体 ベーシックプラン	2980			継続中
2025-12-17 22:04:32	NAORU技術アカデミー	関節整体 ベーシックプラン	2980			継続中
2025-12-17 21:44:25	NAORU技術アカデミー	関節整体 ベーシックプラン	2980			継続中
2025-12-17 21:44:17	NAORU技術アカデミー	関節整体 ベーシックプラン	2980			解除済(2026-01-18 12:37:10)
2025-12-17 21:40:59	NAORU技術アカデミー	関節整体 ベーシックプラン	2980			解除済(2026-02-17 10:42:41)
2025-12-17 21:36:08	NAORU技術アカデミー	関節整体 ベーシックプラン	2980			継続中
2025-12-15 14:28:06	NAORU技術アカデミー	関節整体 ベーシックプラン	2980			解除済(2026-03-22 16:04:44)
2025-12-10 15:18:41	NAORU技術アカデミー	関節整体 ベーシックプラン	2980			継続中
2025-12-09 12:06:10	NAORU技術アカデミー	関節整体 ベーシックプラン	2980			継続中
2025-12-04 15:38:31	NAORU技術アカデミー	関節整体 ベーシックプラン	2980			解除済(2025-12-25 09:25:53)
2025-12-04 00:02:28	NAORU技術アカデミー	関節整体 ベーシックプラン	2980			継続中
2025-12-02 14:23:45	NAORU技術アカデミー	関節整体 ベーシックプラン	2980			継続中
2025-11-24 14:34:15	NAORU技術アカデミー	関節整体 ベーシックプラン	2980			継続中
2025-11-21 22:49:40	NAORU技術アカデミー	関節整体 ベーシックプラン	2980			継続中
2025-11-20 17:55:22	NAORU技術アカデミー	関節整体 ベーシックプラン	2980			解除済(2026-01-06 13:52:29)
2025-11-10 21:52:59	NAORU技術アカデミー	関節整体 ベーシックプラン	2980			継続中
2025-11-08 18:08:43	NAORU技術アカデミー	関節整体 ベーシックプラン	2980			解除済(2026-01-28 08:58:16)
2025-11-04 15:51:04	NAORU技術アカデミー	関節整体 ベーシックプラン	2980			解除済(2025-11-27 14:21:36)
2025-10-30 00:53:07	NAORU技術アカデミー	関節整体 ベーシックプラン	2980			継続中
2025-10-23 22:12:56	NAORU技術アカデミー	関節整体 ベーシックプラン	2980			解除済(2025-12-26 13:08:03)
2025-10-23 12:53:03	NAORU技術アカデミー	関節整体 ベーシックプラン	2980			解除済(2026-03-27 11:52:19)
2025-10-22 23:54:32	NAORU技術アカデミー	関節整体 ベーシックプラン	2980			解除済(2026-04-12 00:55:56)
2025-10-22 22:34:32	NAORU技術アカデミー	関節整体 ベーシックプラン	2980			継続中
2025-10-22 17:36:51	NAORU技術アカデミー	関節整体 ベーシックプラン	2980			解除済(2025-11-23 11:48:02)
2025-10-22 14:33:50	NAORU技術アカデミー	関節整体 ベーシックプラン	2980			継続中
2025-10-22 13:22:16	NAORU技術アカデミー	関節整体 ベーシックプラン	2980			解除済(2025-11-19 21:38:48)
2025-10-22 12:11:53	NAORU技術アカデミー	関節整体 ベーシックプラン	2980			継続中
2025-10-22 04:50:30	NAORU技術アカデミー	関節整体 ベーシックプラン	2980			継続中
2025-10-21 22:27:10	NAORU技術アカデミー	関節整体 ベーシックプラン	2980			解除済(2026-03-27 13:36:43)
2025-10-21 21:34:28	NAORU技術アカデミー	関節整体 ベーシックプラン	2980			解除済(2025-12-12 10:28:19)
2025-10-21 08:55:11	NAORU技術アカデミー	関節整体 ベーシックプラン	2980			解除済(2025-12-16 12:40:36)
2025-10-21 02:51:35	NAORU技術アカデミー	関節整体 ベーシックプラン	2980			解除済(2025-10-31 09:14:41)
2025-10-20 22:24:19	NAORU技術アカデミー	関節整体 ベーシックプラン	2980			解除済(2025-12-20 15:28:59)
2025-10-20 21:40:58	NAORU技術アカデミー	関節整体 ベーシックプラン	2980			解除済(2026-02-05 17:47:27)
2025-10-16 08:54:34	NAORU技術アカデミー	関節整体 ベーシックプラン	2980			継続中
2025-10-13 15:52:49	NAORU技術アカデミー	関節整体 ベーシックプラン	2980			解除済(2025-11-13 17:32:57)
2025-10-11 21:17:23	NAORU技術アカデミー	関節整体 ベーシックプラン	2980			解除済(2025-10-25 14:05:34)
2025-10-09 22:23:08	NAORU技術アカデミー	関節整体 ベーシックプラン	2980			解除済(2025-12-16 12:38:06)
2025-10-08 17:28:13	NAORU技術アカデミー	関節整体 ベーシックプラン	2980			解除済(2025-10-22 12:38:07)
2025-10-02 00:39:41	NAORU技術アカデミー	関節整体 ベーシックプラン	2980			解除済(2026-02-25 10:40:44)
2025-09-22 17:53:49	NAORU技術アカデミー	関節整体 ベーシックプラン	2980			解除済(2026-03-13 10:13:19)
2025-09-22 07:35:55	NAORU技術アカデミー	関節整体 ベーシックプラン	2980			継続中
2025-09-17 20:25:20	NAORU技術アカデミー	関節整体 ベーシックプラン	2980			解除済(2025-10-16 14:15:29)
2025-09-16 12:14:14	NAORU技術アカデミー	関節整体 ベーシックプラン	2980			継続中
2025-09-13 07:14:09	NAORU技術アカデミー	関節整体 ベーシックプラン	2980			解除済(2026-03-25 16:59:09)
2025-09-12 22:34:54	NAORU技術アカデミー	関節整体 ベーシックプラン	2980			解除済(2026-02-12 09:07:45)
2025-09-12 20:13:26	NAORU技術アカデミー	関節整体 ベーシックプラン	2980			解除済(2025-09-30 09:25:54)
2025-09-12 15:31:45	NAORU技術アカデミー	関節整体 ベーシックプラン	2980			継続中
2025-09-12 14:57:38	NAORU技術アカデミー	関節整体 ベーシックプラン	2980			解除済(2025-10-09 21:33:47)
2025-09-12 14:52:34	NAORU技術アカデミー	関節整体 ベーシックプラン	2980			継続中
2025-09-12 12:55:59	NAORU技術アカデミー	関節整体 ベーシックプラン	2980			解除済(2025-09-30 09:23:51)
2025-09-12 12:46:55	NAORU技術アカデミー	関節整体 ベーシックプラン	2980			継続中
2025-09-12 10:13:01	NAORU技術アカデミー	関節整体 ベーシックプラン	2980			継続中
2025-09-12 00:49:48	NAORU技術アカデミー	関節整体 ベーシックプラン	2980			継続中
2025-09-12 00:43:19	NAORU技術アカデミー	関節整体 ベーシックプラン	2980			継続中
2025-09-11 16:41:39	NAORU技術アカデミー	関節整体 ベーシックプラン	2980			解除済(2025-09-21 10:53:26)
2025-09-11 16:05:21	NAORU技術アカデミー	関節整体 ベーシックプラン	2980			解除済(2025-09-19 12:19:37)
2025-09-11 15:37:00	NAORU技術アカデミー	関節整体 ベーシックプラン	2980			解除済(2025-10-20 11:44:09)
2025-09-11 14:49:30	NAORU技術アカデミー	関節整体 ベーシックプラン	2980			解除済(2025-11-26 12:39:53)
2025-09-11 14:06:01	NAORU技術アカデミー	関節整体 ベーシックプラン	2980			解除済(2025-10-30 13:47:07)
2025-09-11 11:21:57	NAORU技術アカデミー	関節整体 ベーシックプラン	2980			解除済(2025-10-04 13:19:00)
2025-09-11 08:42:50	NAORU技術アカデミー	関節整体 ベーシックプラン	2980			継続中
2025-09-11 08:41:06	NAORU技術アカデミー	関節整体 ベーシックプラン	2980			解除済(2025-11-27 19:00:44)
2025-09-11 07:38:00	NAORU技術アカデミー	関節整体 ベーシックプラン	2980			解除済(2026-04-05 13:28:28)
2025-09-11 03:20:39	NAORU技術アカデミー	関節整体 ベーシックプラン	2980			継続中
2025-09-11 00:37:24	NAORU技術アカデミー	関節整体 ベーシックプラン	2980			継続中
2025-09-11 00:32:39	NAORU技術アカデミー	関節整体 ベーシックプラン	2980			継続中
2025-09-10 22:32:24	NAORU技術アカデミー	関節整体 ベーシックプラン	2980			継続中
2025-09-10 21:04:24	NAORU技術アカデミー	関節整体 ベーシックプラン	2980			解除済(2025-10-09 21:37:58)
2025-09-10 20:16:09	NAORU技術アカデミー	関節整体 ベーシックプラン	2980			解除済(2025-10-07 18:36:31)
2025-08-03 13:08:26	NAORU技術アカデミー	関節整体 ベーシックプラン	2980			継続中
2025-07-29 00:17:23	NAORU技術アカデミー	関節整体 ベーシックプラン	2980			継続中
2025-07-13 14:26:00	NAORU技術アカデミー	関節整体 ベーシックプラン	2980			解除済(2026-04-06 07:27:25)
2025-05-02 21:08:43	NAORU技術アカデミー	関節整体 ベーシックプラン	2980			解除済(2025-09-19 12:23:44)
2025-04-05 21:00:48	NAORU技術アカデミー	関節整体 ベーシックプラン	2980			継続中
2025-04-03 14:11:37	NAORU技術アカデミー	関節整体 ベーシックプラン	2980			解除済(2025-11-27 19:01:34)
2025-04-03 13:22:15	NAORU技術アカデミー	関節整体 ベーシックプラン	2980			解除済(2025-11-30 12:37:27)
2025-04-02 11:16:22	NAORU技術アカデミー	関節整体 ベーシックプラン	2980			解除済(2025-07-02 13:11:00)
2025-04-01 22:08:51	NAORU技術アカデミー	関節整体 ベーシックプラン	2980			解除済(2025-09-30 22:09:13)
2025-04-01 21:34:36	NAORU技術アカデミー	関節整体 ベーシックプラン	2980			解除済(2025-04-08 09:42:51)
2025-04-01 17:32:59	NAORU技術アカデミー	関節整体 ベーシックプラン	2980			解除済(2025-06-22 18:34:43)
2025-04-01 16:52:35	NAORU技術アカデミー	関節整体 ベーシックプラン	2980			解除済(2025-07-02 13:11:14)
2025-04-01 16:00:53	NAORU技術アカデミー	関節整体 ベーシックプラン	2980			解除済(2025-04-01 16:48:52)
2025-04-01 11:41:08	NAORU技術アカデミー	関節整体 ベーシックプラン	2980			解除済(2025-04-01 16:48:43)
2025-03-31 17:01:10	NAORU技術アカデミー	関節整体 ベーシックプラン	2980			解除済(2025-04-01 16:48:37)
